,11.8318,45.386,45.4334,45.3826,45.3222,45.3139,45.2945,43.9897,44.1423,45.2703,45.2535,45.2861,45.2391,44.6492,44.7845,40.5888,41.1766,41.6633,41.5389,41.2174,41.4153,38.1068,37.7784,43.916,43.8817,45.1802,43.9243,45.2083,45.2759,45.2744,45.2637,132.452,131.037,130.833,130.279,130.34,131.335,129.531,129.176,127.537,127.497,129.604,129.778,130.377,129.599,128.044,128.322,127.47,127.615,125.81,125.836,123.576,124.431,122.999,122.891,124.65,124.61,123.984,124.029,126.221,126.272,125.739,124.906
10.884,,51.3835,50.423,50.1843,49.9476,50.3439,50.0503,48.7595,48.9226,50.178,49.3125,49.9383,50.1982,49.7914,49.529,48.2787,47.8453,47.2572,46.9602,47.0813,46.9745,45.8391,45.6451,43.9277,43.8051,40.3314,40.2902,44.659,44.5023,44.46,44.6894,143.486,140.406,141.274,141.162,141.597,141.346,140.796,140.657,140.479,140.539,139.882,139.837,138.949,138.446,138.091,137.809,138.736,138.768,139.146,137.679,134.411,134.366,134.283,134.433,134.018,133.802,134.217,134.176,134.751,134.443,136.035,134.675
38.4468,38.4404,,10.8133,39.2194,39.0747,39.5168,39.1471,37.7127,37.6606,37.0598,37.4316,36.9607,37.0478,34.5284,34.5167,39.249,39.5956,39.2927,40.1659,40.339,40.2324,40.2317,40.2534,43.0759,42.7705,43.1162,42.687,41.1388,41.1162,40.8715,40.9043,120.409,119.689,118.714,118.733,120.455,120.464,119.76,120.094,118.846,119.011,118.853,118.407,118.331,118.462,115.817,115.704,116.487,116.435,116.538,117.037,119.357,119.913,120.026,119.915,119.439,119.576,118.857,118.993,118.345,118.224,117.845,117.906
31.1497,30.5159,10.8492,,34.9608,35.2075,35.8815,35.6196,37.504,37.7529,37.6863,37.6359,36.9404,36.7099,36.2561,36.4357,38.394,38.1326,38.4196,38.4316,40.2237,40.1873,40.2513,40.2121,41.7762,42.1693,41.515,41.4857,40.2656,40.2668,40.2637,40.2229,109.167,109.175,110.044,109.606,109.84,109.889,109.356,109.624,110.855,110.658,111.972,111.986,110.498,110.706,112.973,112.228,115.021,115.082,114.497,114.915,116.619,117.303,115.401,115.329,116.718,116.562,115.964,115.69,115.123,115.111,113.745,113.229
48.7488,48.5428,50.2957,50.0111,,10.7302,50.3365,50.2908,49.5131,49.5847,49.8215,49.7708,48.2973,48.2531,47.9418,48.2554,46.2212,45.7561,46.3054,45.9205,46.1785,46.4108,46.5159,46.4085,48.7783,48.7405,45.2283,45.2287,44.9137,45.1716,40.2671,40.2373,137.368,135.401,135.043,135.039,137.061,136.961,136.074,135.978,135.61,135.451,134.768,134.975,134.037,134.147,131.653,131.462,131.933,133.737,132.513,132.657,133.932,134.11,129.794,130.354,130.697,130.779,129.502,129.734,130.214,130.253,129.477,129.138
50.4098,50.3134,50.1492,50.2817,10.9049,,48.9702,48.5772,47.6646,47.9059,48.2848,47.7258,49.1483,48.7535,48.6211,48.3137,46.5606,46.415,46.1803,46.0455,46.3355,46.0511,45.9693,45.3509,43.0978,43.039,40.2581,40.2829,43.6163,43.5846,43.9025,43.9125,143.367,139.958,140.153,139.275,139.538,139.521,139.414,139.301,139.326,139.072,138.069,139.639,138.886,138.706,136.813,136.906,137.228,137.335,137.135,136.954,133.682,133.839,132.461,131.181,133.1,133.143,131.708,131.052,133.061,133.291,134.377,134.442
39.019,38.9571,39.5239,39.379,39.2203,39.1083,,10.7948,37.6841,36.6643,34.408,34.8855,36.2773,36.6385,37.0521,37.3494,40.2084,40.2367,40.2476,40.2013,41.283,40.2119,39.7254,40.1829,41.7836,41.4929,41.5024,41.7382,42.8406,41.794,42.0594,42.2336,122.638,122.237,122.192,122.786,121.975,121.612,120.75,120.854,119.829,119.738,118.754,118.609,119.979,120.003,121.044,122.107,121.323,120.943,121.954,123.638,124.997,125.012,124.682,124.826,126.145,126.429,125.22,125.202,125.04,125.256,123.453,123.473
45.3652,45.2621,45.3633,45.2822,45.2927,45.2397,10.8912,,42.602,42.5196,43.181,43.1323,44.0368,43.983,43.6233,43.1297,40.2775,40.2594,40.2854,40.2556,40.2459,40.2426,36.9216,36.93,43.2111,43.2044,43.4399,43.701,45.2784,43.9686,45.1787,43.3864,131.447,130.059,130.083,130.066,130.327,130.408,129.149,128.907,127.262,126.729,129.656,130.015,127.755,128.128,127.011,127.305,126.06,126.17,124.585,124.698,122.497,122.423,122.638,122.283,122.577,122.614,121.36,121.387,124.666,124.439,124.54,124.355
48.7585,48.9095,48.2813,48.3042,47.4812,47.6716,47.4384,46.9404,,10.8614,46.9027,46.8743,46.8347,47.3942,47.4084,47.2271,45.2526,45.2396,44.3928,45.0331,44.7639,43.9092,44.2612,44.4707,41.0879,40.7143,40.1688,40.1655,42.01,42.2351,41.819,42.2617,141.382,138.232,137.777,138,138.096,137.807,138.06,138.131,138.683,138.788,138.067,137.99,136.035,136.091,135.606,134.595,135.171,135.377,135.173,135.34,132.336,132.324,131.128,131.415,132.725,133.226,130.894,130.867,130.982,131.45,131.639,131.634
48.3949,48.2761,48.9868,48.9839,49.4566,49.2166,48.5072,49.0588,10.8314,,48.2815,48.2762,46.9768,47.45,47.4459,47.3906,45.2604,45.2448,45.2342,45.2402,45.2702,45.2495,45.3223,45.2647,43.1414,43.5917,43.1294,43.1356,38.962,39.0794,42.2687,42.0379,139.562,137.378,137.584,137.466,138.174,139.609,139.862,139.78,139.782,139.692,136.705,135.059,137.081,136.883,134.452,134.538,134.616,136.242,135.001,135.207,134.115,133.68,132.338,130.725,131.876,131.11,133.155,133.15,131.822,131.495,131.284,131.255
37.6309,37.6332,37.7107,37.4158,36.5385,36.4751,36.0985,36.0775,30.846,30.21,,10.8881,35.283,35.4293,35.4942,35.7326,37.8134,37.7228,37.7644,38.0216,36.9217,37.0053,36.9138,37.5873,40.1954,39.5363,39.474,40.1842,40.2455,40.2418,40.2252,40.2451,119.537,116.964,118.308,118.201,115.811,115.813,117.705,118.069,115.081,115.062,115.446,115.474,115.859,115.815,119.382,119.299,116.917,116.963,117.44,117.723,119.073,119.12,119.308,119.563,120.565,120.455,122.327,122.768,120.686,120.685,121.436,121.594
49.489,49.5561,48.3012,48.2748,47.4629,47.5707,47.359,47.0531,45.4903,45.4651,10.7887,,47.3532,46.9944,47.1753,47.0742,45.2438,45.2692,44.8544,45.2316,44.3009,44.4664,44.2873,44.2915,38.2065,38.8766,41.2417,41.4596,42.4363,42.3132,42.953,42.9961,138.051,137.696,139.336,139.683,138.423,138.162,136.363,136.155,135.333,135.31,136.172,135.967,135.097,134.906,132.425,131.139,134.357,134.391,130.944,131.731,131.151,130.815,128.672,130.117,130.356,130.264,129.168,129.8,129.526,129.298,129.095,134.727
47.9152,47.9367,48.303,48.3463,48.9652,48.9387,48.8393,49.4336,47.5023,47.0542,48.253,48.2202,,10.7759,46.8069,46.5164,45.2428,45.221,44.6058,45.1753,45.2485,45.2687,45.4255,45.4412,42.9931,42.955,43.0446,43.0442,37.8704,37.8355,41.9402,41.8837,139.49,139.814,138.939,139.137,137.079,137.876,139.705,137.702,139.016,136.958,138.747,136.427,136.726,136.553,134.355,135.037,134.892,134.694,134.526,135.451,131.041,132.812,132.107,132.306,131.838,131.311,133.605,131.416,130.749,130.48,131.811,131.719
49.8705,49.9627,49.6674,50.0264,48.8828,48.8386,48.345,48.2851,47.4141,47.4299,47.5117,47.4489,10.8846,,48.2827,48.3724,45.3006,45.3284,45.3033,45.961,45.2756,45.2614,45.2368,45.2988,41.7722,42.2143,39.5146,39.5682,43.1578,43.1207,43.9106,43.8776,139.489,140.066,140.192,140.084,140.446,138.712,139.916,139.925,139.115,139.069,139.236,139.888,139.582,139.747,136.466,136.496,136.473,136.439,134.321,134.317,133.039,134.161,133.463,133.319,131.002,131.001,131.211,131.248,131.518,131.778,134.405,134.506
37.5065,37.2491,37.7809,37.9557,38.3717,37.7865,37.5161,37.029,35.3865,35.2809,33.2935,32.8492,35.3157,35.212,,10.8162,38.3611,38.3796,38.1992,37.7522,37.8439,37.8072,37.7169,37.736,40.2493,40.2141,40.2552,40.2434,40.2452,41.3136,40.2573,40.2173,112.998,112.505,112.625,112.676,112.169,112.267,112.709,112.845,109.754,109.829,109.445,109.913,111.182,111.186,111.97,113.895,112.612,112.967,113.739,114.138,116.579,116.033,115.423,115.416,115.668,116.13,115.062,115.014,115.104,115.189,114.605,114.596
34.5271,34.5052,34.5288,34.4859,35.2126,35.2117,34.5483,35.2241,33.214,33.5439,32.6936,31.871,30.4334,30.2754,10.8553,,36.0095,35.2226,35.4779,35.9398,35.4998,36.1963,36.0357,35.8582,38.7606,38.1533,38.0927,38.0117,37.0496,37.0177,37.1662,37.129,128.409,122.528,123.853,124.04,124.228,123.837,125.588,125.753,122.972,121.486,121.995,121.793,121.536,121.198,119.653,119.637,120.324,120.114,120.794,120.748,122.013,121.728,123.924,123.753,121.497,121.526,121.471,121.401,122.125,122.119,122.808,122.595
40.3007,40.2697,41.3764,40.2115,40.2489,40.2075,40.1778,39.6139,36.0431,36.202,37.7587,37.7214,38.4283,38.2966,38.8218,39.024,,10.8404,41.5032,41.4889,40.2518,40.2162,40.2607,40.2393,43.1102,43.0744,42.5695,42.7957,44.5599,44.2776,45.1858,45.1456,116.394,115.322,115.264,115.282,114.794,114.957,114.46,114.583,110.936,110.948,112.221,112.587,112.852,112.584,115.438,115.446,115.114,114.448,116.233,115.972,118.187,118.636,117.673,116.977,117.961,118.153,119.122,119.226,118.82,118.316,117.749,117.983
41.4266,41.1659,42.514,42.4761,41.1315,41.5146,40.2941,40.283,40.2369,40.221,40.2481,40.2563,40.8001,40.9491,40.2967,40.2388,10.8512,,37.2046,37.6628,37.6268,37.8423,33.8461,33.9747,40.2499,40.2025,40.2192,40.232,40.2521,40.2113,40.2431,40.2387,127.912,126.769,126.117,126.349,125.754,125.97,125.96,125.962,124.364,124.479,125.775,125.931,125.89,126.002,120.903,120.86,122.449,121.33,122.709,122.222,119.768,120.049,119.785,119.24,120.273,120.001,120.282,120.123,121.124,120.829,120.497,120.449
40.2456,40.2336,39.7406,40.1784,40.2553,40.2198,37.7434,37.7182,40.2319,41.0494,41.8482,41.5023,41.6325,41.5522,42.5152,42.2487,44.4159,45.2049,,10.843,43.5062,43.2041,42.8535,43.0284,45.253,45.2501,45.2619,45.2441,45.3189,45.7879,46.4567,46.5619,123.048,122.363,122.89,122.439,121.969,121.608,123.504,123.627,122.511,122.517,123.7,123.651,124.338,124.03,126.036,126.995,124.947,124.913,125.324,125.425,127.632,127.674,127.897,127.901,126.859,127.363,129.075,128.932,129.133,129.153,128.019,128.198
39.6611,39.4244,40.2418,40.215,40.2154,40.1144,40.2486,40.2016,37.7549,37.7322,37.7404,37.7016,35.3872,35.9592,37.6023,37.7432,40.2458,40.2544,10.8161,,40.2839,40.2337,40.5245,40.2729,43.1168,43.1213,43.6285,43.0968,43.1117,43.0852,42.2682,42.24,120.219,119.695,120.153,120.124,119.726,119.891,120.374,120.403,118.566,118.588,118.259,118.338,117.778,117.604,120.553,120.546,121.193,120.85,121.206,120.707,122.144,122.622,121.724,124.09,121.858,123.702,123.604,121.366,121.36,121.173,122.567,122.493
39.5039,38.9121,39.2283,38.8574,38.8376,38.4582,36.2386,36.2197,40.2282,40.2677,40.2433,40.248,40.2935,40.2344,41.3123,41.1476,43.1203,43.4296,43.8989,43.5344,,10.7803,42.6126,42.7381,44.3686,43.8945,44.2638,45.2369,46.5488,46.5527,46.0927,45.3199,113.755,112.44,111.766,111.574,112.297,111.272,110.538,111.07,113.23,114.107,114.888,114.89,114.723,114.025,116.198,116.846,116.372,115.538,116.072,115.9,117.913,118.078,118.073,118.352,118.897,118.159,119.303,118.821,118.121,118.412,118.028,118.3
36.3601,36.3037,39.5373,40.2016,40.2385,40.1794,40.2462,40.2196,41.7503,41.9985,41.4989,41.4946,40.2911,40.1759,40.2567,40.2446,43.1156,43.0694,43.3008,43.1071,10.7909,,44.4657,45.2268,46.4189,46.5912,45.2867,46.2877,45.2885,45.2378,45.3499,45.25,121.629,120.528,120.326,120.335,121.006,121.305,120.509,120.438,120.791,120.863,120.892,121.071,121.071,121.115,124.697,124.632,125.498,125.64,125.247,125.072,127.445,127.559,127.557,127.838,127.787,128.254,127.119,127.432,126.672,126.338,126.098,126.383
40.1168,40.1466,40.2461,40.1898,39.1224,40.2064,38.7944,38.4153,35.1223,34.7069,37.1504,36.8837,36.9917,37.654,37.1432,37.3698,40.2289,40.2357,40.2554,40.2129,39.9937,40.1985,,10.7486,41.3847,41.7585,41.6306,41.3516,42.3945,42.9274,43.0157,42.9792,122.038,120.52,120.53,120.829,119.376,119.782,119.7,120.119,118.649,118.429,116.426,116.469,118.052,118.111,121.828,121.498,119.397,119.215,119.658,119.914,122.867,122.957,121.1,123.322,121.705,121.553,121.046,120.767,120.84,120.752,120.833,120.783
45.2781,45.2872,45.3466,45.2621,46.425,46.4139,46.4572,46.9183,45.2681,45.2764,45.2677,45.2583,45.2055,45.1967,44.5004,44.6529,42.0039,42.2707,40.8636,41.7256,41.7813,42.0336,10.8506,,44.815,44.7485,40.225,40.1937,40.2356,40.1849,37.1366,36.8648,134.857,134.456,134.417,134.473,135.752,135.17,135.162,134.608,134.015,134.315,133.678,134.657,132.56,132.516,130.534,130.074,131.224,131.584,130.679,131.223,130.111,130.517,130.127,130.349,130.011,130.053,128.945,128.9,128.32,128.332,126.169,125.639
39.9347,40.2289,41.5601,42.1571,42.2669,43.0696,42.2656,42.2644,44.4743,44.4737,45.203,44.3555,45.1904,45.1982,43.1283,43.4595,45.2612,45.2475,45.2909,45.2681,46.6241,46.678,46.924,46.9385,,10.8156,48.6633,48.5589,47.4756,47.4211,47.9803,46.9631,116.136,115.707,116.097,115.809,116.65,116.106,116.919,117.256,118.467,118.534,118.611,118.276,117.774,118.054,118.545,119.294,120.231,120.337,121.165,121.094,121.663,122.229,122.828,121.989,122.348,122.481,122.757,122.67,121.434,121.644,121.528,122.481
43.9206,43.8883,45.0314,43.8849,43.1287,43.0876,43.1641,43.1563,40.6994,40.9949,41.7486,41.746,41.7087,41.8946,42.256,42.5597,40.0314,39.9718,38.8681,40.0242,40.1409,40.2026,35.6858,35.8022,10.8227,,41.6383,41.6629,42.6191,42.5305,43.0916,42.2268,134.267,132.064,130.151,130.126,129.15,129.639,130.232,130.18,128.549,128.446,131.532,131.653,129.654,129.572,127.857,128.183,127.631,127.477,126.469,126.519,123.031,122.823,124.068,123.959,122.678,122.468,123.156,123.744,126.979,127.147,121.244,121.211
41.1759,41.1331,40.2709,40.2429,40.2391,40.2358,37.7947,38.7252,42.4797,42.6765,43.095,43.075,42.2754,42.2627,43.3403,43.0984,45.266,45.2552,45.2681,45.2449,44.2692,44.2349,45.2886,44.7536,45.4588,45.5648,,10.8076,47.2252,46.9765,47.4549,47.5961,115.615,114.786,113.221,113.15,113.019,113.029,113.709,113.805,116.042,115.08,116.371,116.461,118.208,117.659,118.479,119.026,118.555,118.132,118.833,118.829,120.342,120.204,120.809,121.301,120.877,121.227,122.159,122.664,122.409,121.912,121.154,120.592
40.342,40.302,40.2351,40.2298,38.4403,38.3992,40.2632,40.2199,42.4254,41.5816,43.1089,43.0992,43.2658,45.2112,43.1107,43.0883,45.2605,45.2483,45.2779,45.2457,45.278,45.2326,45.2546,45.2325,47.5934,47.2303,10.8365,,47.4601,47.2748,48.2847,48.2404,125.589,123.962,125.139,124.935,123.785,123.644,122.924,122.942,126.052,126.122,126.675,126.793,125.197,125.142,129.04,128.185,130.707,129.629,127.607,127.311,129.815,129.807,131.076,131.074,131.182,130.939,129.679,129.887,131.051,130.944,129.655,129.952
44.6741,44.4659,44.4249,45.2253,43.8947,43.8886,43.1342,43.1075,42.2046,42.0728,42.2632,42.111,43.127,43.5772,43.1627,43.5091,40.2744,40.212,40.2529,40.2324,40.2246,40.2282,40.2505,40.1868,33.5845,34.1195,37.7702,37.6951,,10.7841,40.0917,40.21,134.692,134.732,134.317,134.374,133.949,133.663,133.534,133.905,132.212,132.19,131.615,132.017,132.747,133.551,128.198,127.758,130.26,130.191,129.319,129.666,128.528,127.701,125.134,125.226,126.599,126.429,125.911,126.086,125.24,125.244,128.639,128.695
41.3169,41.3522,41.5105,41.8342,42.3157,42.2208,42.0713,42.21,40.2236,40.2514,40.2354,40.1919,37.7425,37.6986,40.233,40.2032,43.0925,42.4361,42.2899,43.0164,43.1032,43.5736,43.1091,44.1219,45.2641,45.2394,45.2544,45.2418,10.8391,,45.2346,44.5062,116.912,116.773,115.759,116.134,115.467,117.204,115.506,115.671,114.352,114.204,114.697,114.587,113.316,113.703,117.52,117.494,118.192,117.773,118.117,117.887,120.018,120.617,119.556,120.391,120.294,119.412,119.366,119.525,119.904,120.103,119.864,119.763
42.9868,42.67,42.5872,42.8961,42.8396,43.0912,43.0847,42.194,40.2543,40.2352,38.4333,38.2441,40.2401,40.2101,40.2211,40.242,43.8248,43.9196,43.429,43.1154,43.1165,42.8589,43.0961,43.0897,45.2502,45.2372,45.2568,45.3059,45.9738,45.3774,,10.8192,126.857,124.817,125.721,125.627,125.785,125.691,125.335,125.504,121.632,121.509,121.047,121.333,121.705,120.92,126.034,126.19,126.132,125.93,127.581,126.692,128.916,128.692,128.949,128.849,129.621,130.268,129.233,129.191,130.093,129.912,128.076,127.627
42.2742,42.2961,42.3434,42.0298,41.7914,41.7668,40.2328,40.2023,43.5754,43.257,45.2363,45.2429,45.2329,45.1645,44.8427,44.5427,46.62,46.582,46.5674,46.5527,45.2817,45.2458,45.2556,45.2449,47.6426,47.3777,47.4286,47.5782,48.661,48.2776,10.8077,,125.778,124.781,124.602,124.511,124.423,124.572,123.482,123.758,125.697,125.215,126.336,126.372,126.674,126.424,130.095,130.127,127.596,127.47,127.544,128.076,129.741,129.778,130.35,130.301,130.239,130.276,130.943,130.943,131.003,130.916,130.576,130.524
119.171,119.113,119.652,119.641,119.359,119.081,120.558,120.569,118.674,118.545,118.312,118.199,118.23,118.426,118.271,118.345,119.498,119.517,119.463,119.546,120.533,120.694,120.495,120.581,122.701,121.556,124.321,123.829,123.191,123.099,122.071,122.163,,10.8506,44.907,44.8654,45.3222,45.2646,45.2666,45.2699,43.1559,43.6021,43.1312,43.1237,43.0647,43.1591,36.9973,36.9012,40.2864,40.2681,40.2921,40.2981,43.6009,43.5313,43.6203,43.9027,43.155,43.3938,43.2575,43.118,42.3194,43.1126,43.3275,42.2184
132.127,129.685,129.419,129.555,129.5,129.552,129.329,129.237,127.162,127.289,127.954,127.888,127.648,127.523,127.094,127.242,125.02,123.538,123.856,123.995,123.686,123.657,125.067,125.4,127.178,127.235,127.671,127.82,127.759,127.647,126.609,126.549,10.826,,45.3256,45.2833,45.3148,45.3057,45.2834,45.2681,43.9135,44.0648,45.2498,43.9566,45.2917,45.3178,41.8727,42.1924,42.0587,41.5093,38.646,37.764,43.9248,44.0607,45.132,45.0854,45.2443,44.6653,44.9755,45.2417,45.2767,45.2609,44.4028,45.2369
131.071,130.389,130.159,129.128,130.111,130.47,129.599,129.077,127.285,127.452,129.081,128.944,128.693,128.928,128.686,128.636,125.377,125.44,125.132,125.118,125.663,125.689,126.214,126.203,128.304,128.085,129.025,128.917,130.787,130.597,129.08,129.237,51.0702,50.3167,,10.8025,49.567,50.2959,49.3706,49.6523,48.2719,48.2522,50.2882,49.8413,49.8229,49.2553,47.209,47.028,46.0834,46.1774,46.2446,45.9013,43.0168,43.0926,40.2618,40.2218,45.2032,43.8544,43.6056,43.6616,44.6591,44.634,44.959,44.7585
117.214,116.084,115.387,115.406,115.356,115.146,115.83,116.37,119.052,118.965,118.634,118.635,117.276,117.149,118.065,117.898,120.163,120.114,120.044,120.017,119.484,119.626,120.194,120.252,121.096,121.372,122.856,122.781,121.324,121.339,122.684,122.559,30.5802,30.9502,10.7784,,32.57,32.3473,32.9275,32.8767,34.8078,34.946,34.5169,34.6471,34.6398,34.8052,36.9035,36.8809,37.1944,37.1508,36.9323,36.8937,40.1694,40.1681,39.3912,39.2861,40.2227,38.9547,40.1532,40.2422,39.3907,40.1867,40.2262,39.167
110.288,109.57,107.343,107.407,106.875,106.25,107.762,107.873,108.927,108.787,111.461,111.268,109.05,108.966,111.326,110.743,112.138,112.224,113.921,113.534,113.318,112.349,112.943,112.38,113.061,112.497,115.083,112.54,116.086,116.161,114.874,114.702,35.457,35.4511,35.1325,35.4196,,10.7707,30.3067,30.2974,36.265,36.5058,37.1717,36.3104,37.3718,37.4215,39.8793,40.2324,38.8017,38.8176,38.5556,38.8456,40.2607,40.2184,40.2679,40.2619,40.2582,40.2757,41.5123,41.313,41.7703,41.5369,41.3328,41.7909
138.208,137.772,136.651,136.752,135.458,135.378,134.675,134.435,135.133,134.876,134.87,134.93,134.772,134.937,135.351,135.397,133.461,133.109,132.285,132.11,131.734,131.868,131.718,131.766,129.942,132.204,130.467,131.836,122.494,122.479,122.127,122.284,38.9917,38.9564,40.126,40.0013,10.8348,,39.8841,40.2537,37.7191,37.4179,35.1377,35.3559,37.4806,37.6692,40.2497,40.2478,40.2473,40.2668,40.2698,40.2374,42.2718,42.6758,43.1207,43.1168,43.1264,43.4539,42.2832,42.607,42.2277,42.6094,42.282,42.5627
118.71,117.996,117.453,117.582,117.263,117.463,117.47,117.352,119.647,120.158,120.484,120.071,119.908,119.664,119.748,120.074,121.78,121.837,121.481,121.171,121.881,121.696,121.931,121.962,122.203,122.035,122.522,122.428,124.473,124.528,124.202,124.091,33.0622,32.9214,32.7585,32.4767,31.7039,30.3353,,10.7779,33.707,33.7013,34.2975,34.3147,35.5593,35.2174,37.7216,37.7416,36.738,36.2748,36.2494,36.2333,37.7792,37.7306,38.358,38.4069,39.4582,38.5627,40.2563,40.237,40.2435,40.2746,40.2813,40.2404
120.288,120.159,121.936,121.915,120.568,121.006,120.769,120.784,119.275,119.524,118.526,119.132,118.818,119.144,118.925,118.61,120.937,121.22,120.815,121.232,121.625,121.79,120.713,120.754,122.517,122.804,123.832,124.104,122.348,122.524,122.521,123.144,45.3472,45.2887,45.3473,45.2688,46.0433,46.1873,10.8161,,45.012,45.3181,44.9857,45.2163,43.5611,43.6132,38.7084,38.8749,40.2943,40.2641,42.1263,42.1761,44.3767,44.6862,45.2947,45.2977,45.2758,45.0438,44.8894,45.0014,44.0603,45.2342,44.1302,43.8597
112.7,111.808,111.661,111.911,112.629,112.63,111.74,112.007,111.346,111.396,110.278,108.972,109.861,110.402,110.367,109.796,111.716,113.885,112.062,112.605,114.11,113.678,112.505,112.51,114.535,114.828,115.31,115.299,115.037,115.414,115.737,115.706,37.428,37.6651,37.2493,37.2202,37.7394,37.6928,37.7455,37.4624,,10.828,30.7455,31.6601,35.0845,34.8581,37.7581,37.1423,38.1673,38.0522,38.4521,38.4128,40.2802,40.262,40.2361,40.2668,40.7573,40.5193,40.2611,40.2711,40.2729,40.2394,40.2189,40.2442
122.654,120.642,120.428,120.393,119.575,119.556,121.741,121.76,123.051,123.966,123.615,123.16,122.164,122.17,121.194,121.109,124.478,124.493,124.785,124.71,124.21,124.188,124.467,124.287,126.2,125.901,126.51,126.467,126.981,126.105,127.988,126.84,37.2799,37.349,37.0543,36.7706,34.2929,34.1303,36.6064,36.2732,10.8232,,39.5841,39.7196,39.8327,40.1963,41.4068,41.6186,40.2434,40.2354,40.2647,40.743,40.7437,41.6471,42.2817,42.2442,43.1317,43.8772,45.1068,45.2263,43.6706,43.308,44.0044,43.9864
132.491,132.718,130.891,130.759,127.452,127.19,126.677,126.651,126.308,126.807,127.137,127.188,127.699,127.861,127.871,127.81,125.025,125.436,125.315,125.312,124.309,124.813,124.681,124.7,126.062,127.233,126.883,126.884,127.86,127.756,127.72,127.703,49.4227,49.854,50.2615,50.2596,49.0691,49.0293,48.3198,48.3513,47.0013,47.58,,10.7784,48.2622,47.7655,45.7432,45.9531,45.2645,45.2566,45.2444,45.2589,42.2528,41.8824,39.7518,40.0079,42.2736,42.5988,43.0171,43.102,43.5909,43.4797,43.4623,43.5812
136.857,135.199,137.089,136.332,137.755,137.589,138.959,136.797,135.674,135.447,135.468,135.66,134.423,134.481,133.093,133.179,131.117,130.951,131.006,130.954,133.338,133.385,133.313,133.771,131.224,131.603,132.526,132.226,129.504,130.285,129.446,129.389,49.0989,49.2067,48.5211,48.4537,51.049,51.023,50.2481,50.101,49.6776,49.6921,10.8256,,48.9133,48.9027,43.6235,43.9021,45.2578,45.2081,45.2634,45.252,46.9632,46.508,42.7672,42.2299,42.3832,42.309,40.3737,41.68,40.2528,40.3953,37.7507,37.7812
112.235,112.107,111.335,111.827,111.96,112.049,110.7,111.966,109.268,109.222,109.98,109.629,110.348,109.738,109.316,110.039,113.629,113.345,111.929,112.497,112.944,112.851,112.133,113.075,113.45,113.769,114.631,114.503,115.326,115.359,114.391,114.544,36.4869,36.3569,37.7511,37.342,37.3888,37.3254,37.6887,37.5477,35.1495,35.2101,30.2754,30.2941,,10.7932,37.3746,37.7382,37.734,37.7616,37.7359,37.7508,40.2101,40.2541,40.259,40.2229,40.2749,40.2661,40.2373,40.252,40.2514,40.2095,39.5298,40.2261
118.535,118.328,117.929,117.968,118.204,118.178,118.725,118.72,117.359,117.144,116.768,116.736,117,117.144,115.749,115.752,118.53,118.388,118.017,118.029,119.271,119.296,119.161,119.05,122.096,122.135,123.814,123.713,121.001,121.038,121.284,121.11,43.0635,43.4249,43.1374,43.1671,43.4462,43.6932,43.1902,43.4494,42.2633,42.2543,40.2815,40.2667,10.8753,,35.8677,36.2033,40.2305,40.1942,40.1741,40.2068,42.264,42.2486,42.5878,42.2625,42.0457,42.1916,40.2962,42.1247,40.2568,40.7849,40.3087,41.0354
115.673,115.354,116.145,116.042,114.838,114.691,114.368,114.312,111.945,111.715,111.657,112.417,114.502,113.402,113.096,112.833,116.395,116.079,116.946,116.819,114.666,115.266,115.314,115.274,117.435,117.508,117.897,117.755,119.156,118.899,117.328,117.147,40.2942,40.2708,40.2586,40.2524,40.3834,40.236,39.9003,39.6876,35.9301,35.6612,38.5868,38.5576,38.5535,38.6964,,10.7908,40.2719,40.276,40.2422,40.2735,42.6989,43.1028,43.1029,43.1095,43.1287,43.1155,45.2593,45.243,44.3841,45.1342,43.815,44.057
114.346,113.421,115.079,113.914,114.804,114.801,112.775,112.757,111.282,112.552,113.178,113.104,111.88,111.352,111.972,112.723,113.174,113.44,115.859,114.868,115.146,115.237,114.892,115.391,117.339,118.057,116.41,116.047,115.724,115.906,116.687,116.416,40.1849,38.8351,40.2,39.9227,40.2245,39.6928,39.7135,39.5343,37.9423,37.5589,36.7954,37.0844,35.179,34.8782,10.7774,,40.2821,40.2934,40.2476,40.2398,42.6872,43.1242,42.7055,42.8026,43.1268,43.1131,42.3209,42.5804,40.3237,41.2895,41.3371,41.0999
119.978,119.761,120.449,120.629,121.383,120.279,120.601,120.551,118.232,118.291,118.445,118.571,118.071,117.995,118.706,118.511,120.538,121.448,120.82,120.76,120.997,120.79,121.667,121.67,122.298,122.316,122.115,122.058,122.844,122.743,122.949,123.563,39.6748,40.2486,40.2564,40.3028,40.3063,40.2436,40.33,40.274,38.4368,38.5234,37.7478,38.0511,36.2312,36.2262,40.3309,40.2677,,10.7945,40.2679,40.3018,43.5342,43.8264,43.5632,43.9089,43.5265,44.902,42.646,43.1374,43.0719,43.1289,42.2886,42.2758
135.125,134.608,135.063,135.011,135.589,134.857,135.507,135.513,134.638,134.576,133.465,133.706,133.3,132.174,131.391,131.531,130.562,130.599,131.396,130.821,131.713,131.614,132.273,131.829,129.655,129.719,130.456,130.11,127.973,127.976,127.531,127.588,45.2896,45.2494,45.2841,45.2677,46.1259,46.552,45.5,45.8461,45.254,45.2374,45.2517,45.2306,45.2126,45.233,42.0814,41.8947,10.8361,,40.4963,40.3818,44.4612,44.5105,40.2802,40.2312,40.2671,40.251,40.2167,40.2464,39.3957,39.2011,35.2404,35.3853
130.048,127.088,127.128,127.164,125.734,125.51,125.232,125.203,125.293,124.965,125.917,124.545,125.878,125.956,125.712,125.602,121.632,121.452,120.893,120.846,123.194,123.153,123.208,123.099,126.267,124.302,126.094,126.024,125.391,124.991,125.352,125.488,46.4937,46.6486,45.2783,45.2604,45.2877,45.2925,45.3004,45.2394,43.889,43.7204,45.3145,45.2584,45.2558,45.2466,42.5971,42.8879,42.5024,42.2652,,10.8503,36.223,35.6647,39.8782,40.1491,39.3895,40.1974,40.2241,40.2365,40.2635,40.2208,40.2636,40.2463
134.709,134.971,134.842,134.969,134.972,134.703,135.11,135.239,134.793,134.1,134.067,133.916,134.848,134.835,132.542,133.578,132.104,132.229,132.117,131.189,131.356,131.351,131.013,131.504,131.345,131.195,130.132,129.992,128.836,129.28,128.215,128.249,45.2836,45.2645,45.5516,45.2801,46.8126,47.1816,46.9819,46.2286,45.2828,45.2692,45.276,45.2549,43.9423,43.52,41.8995,42.348,40.5226,40.274,10.8281,,45.6647,45.3255,40.2382,40.264,40.2699,40.2275,40.2666,40.2162,40.2183,40.2526,36.5536,36.2496
123.392,122.83,121.256,121.415,121.391,121.192,121.616,121.981,126.345,126.3,125.538,126.304,125.828,125.732,124.241,124.676,126.795,126.831,126.507,126.894,128.382,127.806,127.485,127.337,130.186,130.799,131.046,131.121,128.907,128.702,128.763,128.629,41.7075,41.8592,40.2572,39.9782,42.042,41.668,42.5398,42.2543,45.1329,44.2312,45.2511,45.2395,45.2669,45.2413,45.4418,45.986,46.4377,46.4513,46.995,46.9285,,10.772,48.4099,48.8507,49.3168,49.1799,48.7338,48.6958,48.2232,48.2656,48.3098,47.6012
124.045,122.197,122.594,122.467,122.408,122.135,123.001,122.065,125.686,125.796,126.011,126.374,125.721,125.896,124.562,124.379,126.862,126.369,126.591,127.407,126.759,126.814,127.492,127.382,130.333,130.52,130.674,130.698,129.838,129.95,128.8,128.58,41.9175,41.8938,40.2571,40.2166,42.0596,41.8142,42.2752,41.8089,45.2584,45.2297,45.2663,45.249,45.2743,45.2683,45.2964,45.2784,46.6204,46.4121,46.9136,46.9084,10.8862,,48.2955,48.8612,49.3343,49.0633,48.7347,48.7515,48.2907,48.2712,48.0722,47.6329
116.352,115.886,114.321,115.042,114.791,115.195,115.133,114.817,117.101,116.914,117.569,117.512,117.927,117.402,117.678,118.256,119.512,119.342,120.037,119.897,119.417,118.531,119.457,118.782,123.795,122.066,120.486,121.574,121.334,121.211,124.288,122.496,40.3782,40.424,40.246,40.2626,37.7598,37.7792,40.6839,40.5144,42.2618,42.2422,43.6008,43.5386,42.3106,42.2613,45.2788,45.1987,45.2681,45.243,45.2593,45.2604,45.3319,46.453,,10.7709,47.461,47.431,46.9477,46.9292,47.6173,46.9867,47.769,47.5546
115.055,114.294,113.898,114.38,112.96,112.84,114.931,114.595,113.424,113.738,115.96,114.195,115.294,115.111,116.266,117.461,120.425,120.08,118.008,118.29,118.728,118.241,118.16,118.197,118.852,119.795,118.883,119.668,122.35,121.114,120.548,120.557,40.2921,40.8723,40.2722,40.2769,40.2819,40.2387,37.784,38.4192,42.3657,42.4344,42.4768,42.2902,43.1282,43.1134,45.2732,45.261,44.273,44.5684,45.1755,45.2364,45.2974,45.7208,10.8572,,48.003,47.4043,47.3025,47.4352,47.2814,46.9449,47.6808,48.251
124.387,122.686,123.02,123.053,122.671,122.479,122.72,123.681,120.498,120.603,119.74,119.793,120.256,120.379,121.039,121.395,122.812,123.104,122.709,122.638,122.484,123.081,124.279,123.051,125.896,126.05,126.248,126.669,125.738,126.013,125.706,125.615,42.2822,42.2614,42.5019,43.1372,42.2776,42.2742,43.1255,43.1052,40.2978,40.9406,40.2664,40.2229,38.3977,37.7481,42.883,43.0756,43.6804,43.7037,45.2422,45.2221,47.2667,47.6684,45.3126,45.2579,,10.7942,45.3151,45.2719,45.2704,45.2557,44.599,45.2346
126.025,124.373,124.735,124.809,125.207,125.399,125.223,124.954,122.355,122.817,123.715,123.622,124.055,121.474,121.492,122.669,120.518,120.597,120.978,120.766,121.395,121.607,121.918,121.749,124.17,124.271,125.091,124.952,121.257,121.115,120.858,120.814,44.8353,45.2286,44.729,45.2473,45.2818,45.269,45.2208,44.939,43.0452,42.3293,42.8856,43.0632,43.1652,43.0986,40.2666,40.2464,36.9093,36.8663,40.2502,40.229,42.2903,41.9297,42.8865,43.1067,10.8218,,43.6075,43.5911,43.4436,43.5562,42.9118,42.6291
133.353,130.147,129.989,130.06,131.117,131.192,130.959,130.867,129.249,129.168,129.433,129.313,130.183,130.131,129.274,129.225,126.223,126.013,128.217,127.957,128.554,128.672,128.228,128.316,125.188,125.32,124.68,124.771,123.901,123.933,124.987,125.01,42.638,42.7553,43.1192,42.7128,43.2343,43.5967,43.1319,43.0932,41.7167,42.2864,41.4405,41.3019,41.0359,40.9405,39.6559,40.0105,40.2557,40.2257,40.2133,40.2566,37.775,38.6702,37.9717,37.7497,37.3836,36.5776,,10.8341,33.5732,33.6384,36.3544,36.6846
123.738,121.884,121.519,121.284,121.717,121.632,120.856,120.902,120.611,120.883,121.009,121.16,122.403,122.438,122.715,122.374,119.158,119.153,120.525,120.346,118.472,118.49,118.515,118.72,121.004,121.615,121.895,121.168,121.658,121.344,122.28,122.165,44.0845,44.4193,43.4966,43.5831,43.1031,43.0939,43.0913,42.5698,41.7909,41.7432,42.8424,43.0926,42.4504,42.091,40.2841,40.2161,40.2767,40.2422,40.2238,40.2296,37.1183,37.0781,33.5606,33.5177,37.0221,37.0068,10.8649,,37.1797,37.8149,37.9475,37.928
115.998,114.18,113.568,112.36,113.963,113.935,113.858,113.937,116.761,116.202,115.948,117.379,117.141,116.957,118.434,117.308,120.136,119.838,120.563,120.29,118.926,118.508,115.944,115.788,118.732,119.163,122.299,120.469,121.43,121.133,121.374,121.183,42.2773,41.7955,41.8098,41.9505,41.4251,41.7356,40.2407,40.2579,43.1343,43.1175,45.2261,44.4399,44.0826,45.2485,45.717,45.7132,45.3009,45.2638,45.2818,45.2624,47.4113,47.1034,47.0538,47.1452,48.3179,48.254,48.3062,48.2742,,10.7584,48.3298,48.299
119.291,118.223,119.21,119.083,118.831,118.7,119.028,118.932,117.668,117.962,116.837,117.152,117.112,117.609,117.078,116.912,119.383,119.459,119.549,119.334,120.245,120.424,120.239,120.511,123.514,123.454,122.851,123.208,122.111,121.856,121.45,121.32,42.6446,43.0883,43.7791,43.7975,43.9064,43.9326,45.2574,45.019,42.6248,42.7246,42.6184,42.1957,41.1184,41.0795,36.0107,35.5921,40.2168,40.223,40.245,40.1697,42.4232,41.2323,42.586,42.002,40.2645,40.3097,40.3258,43.2987,10.8065,,41.622,41.7667
116.775,116.935,116.733,116.454,115.729,115.69,116.121,116.811,115.116,115.327,114.41,114.261,114.649,114.366,114.368,113.716,117.749,117.254,116.117,116.025,117.495,117.692,117.262,117.101,118.799,118.671,119.725,120.072,119.042,119.082,120.653,120.536,41.0644,41.1826,42.252,42.1438,42.74,42.5913,43.3154,42.5636,40.2235,40.2179,37.1303,36.9163,40.1831,40.163,42.2803,42.3379,43.0782,43.1006,43.076,42.6434,45.2931,45.2151,45.2779,45.2458,45.2598,45.2717,45.2687,45.2559,43.9509,43.8686,,10.7666
122.229,120.615,121.933,121.945,122.057,122.029,121.599,121.933,119.308,119.236,119.271,120.377,118.547,118.432,119.924,119.625,122.566,122.865,122.621,122.879,123.148,123.149,121.843,122.855,125.28,125.615,126.246,126.25,123.584,125.089,125.393,125.12,40.7456,40.2444,41.3104,40.9308,41.3954,41.5185,41.7089,41.7098,40.22,40.2044,38.7827,39.1507,36.8761,36.9178,41.3674,41.1413,42.2605,42.2573,42.2694,42.3562,44.5879,45.2348,45.2185,45.1771,45.148,45.1093,44.5058,44.1319,43.1442,43.2852,10.8372,
